<?xml version="1.0"?>
<sprite>
  <imageset name="base" src="graphics/sprites/monsters/ball-lightning.png" width="70" height="60"/>
  <action name="stand" imageset="base">
    <animation direction="default">
      <sequence start="0" end="2" delay="100"/>
    </animation>
  </action>
  <action name="walk" imageset="base">
    <animation direction="default">
      <sequence start="0" end="2" delay="100"/>
    </animation>
  </action>
  <action name="dead" imageset="base">
    <animation direction="default">
      <sequence start="3" end="5" delay="100"/>
      <frame index="6"/>
    </animation>
  </action>
  <action name="attack" imageset="base">
    <animation direction="default">
      <sequence start="0" end="2" delay="100"/>
      <end/>
    </animation>
  </action>
</sprite>
