<?xml version="1.0"?>
<sprite>
  <imageset name="base" src="graphics/sprites/monsters/bee.png" width="20" height="19"/>
  <action name="stand" imageset="base">
    <animation direction="down">
      <sequence start="8" end="11" delay="75" offsetY="-20"/>
    </animation>
    <animation direction="left">
      <sequence start="0" end="3" delay="75" offsetY="-20"/>
    </animation>
    <animation direction="up">
      <sequence start="12" end="15" delay="75" offsetY="-20"/>
    </animation>
    <animation direction="right">
      <sequence start="4" end="7" delay="75" offsetY="-20"/>
    </animation>
  </action>
  <action name="dead" imageset="base">
    <animation direction="down">
      <sequence start="16" end="19" delay="75" offsetY="-16"/>
      <sequence start="16" end="19" delay="75" offsetY="-12"/>
      <sequence start="16" end="19" delay="75" offsetY="-8"/>
      <sequence start="16" end="19" delay="75" offsetY="-4"/>
      <sequence start="16" end="19" delay="75" offsetY="0"/>
      <frame index="16" offsetY="16"/>
    </animation>
    <animation direction="left">
      <sequence start="16" end="19" delay="75" offsetY="-8"/>
      <sequence start="16" end="19" delay="75" offsetY="-12"/>
      <sequence start="16" end="19" delay="75" offsetY="-8"/>
      <sequence start="16" end="19" delay="75" offsetY="-4"/>
      <sequence start="16" end="19" delay="75" offsetY="0"/>
      <frame index="17" offsetY="8"/>
    </animation>
    <animation direction="up">
      <sequence start="16" end="19" delay="75" offsetY="-16"/>
      <sequence start="16" end="19" delay="75" offsetY="-12"/>
      <sequence start="16" end="19" delay="75" offsetY="-8"/>
      <sequence start="16" end="19" delay="75" offsetY="-4"/>
      <sequence start="16" end="19" delay="75" offsetY="0"/>
      <frame index="18" offsetY="4"/>
    </animation>
    <animation direction="right">
      <sequence start="16" end="19" delay="75" offsetY="-16"/>
      <sequence start="16" end="19" delay="75" offsetY="-12"/>
      <sequence start="16" end="19" delay="75" offsetY="-8"/>
      <sequence start="16" end="19" delay="75" offsetY="-4"/>
      <sequence start="16" end="19" delay="75" offsetY="0"/>
      <frame index="19" offsetY="12"/>
    </animation>
  </action>
  <action name="attack" imageset="base">
    <animation direction="down">
      <frame index="8" delay="75" offsetY="-12"/>
      <frame index="9" delay="75" offsetY="-8"/>
      <frame index="10" delay="75" offsetY="-4"/>
      <frame index="11" delay="75" offsetY="0"/>
      <frame index="10" delay="75" offsetY="-4"/>
      <frame index="9" delay="75" offsetY="-8"/>
      <frame index="8" delay="75" offsetY="-12"/>
      <end/>
    </animation>
    <animation direction="left">
      <frame index="0" delay="75" offsetY="-16" offsetX="0"/>
      <frame index="1" delay="75" offsetY="-16" offsetX="-4"/>
      <frame index="2" delay="75" offsetY="-16" offsetX="-8"/>
      <frame index="3" delay="75" offsetY="-16" offsetX="-12"/>
      <frame index="2" delay="75" offsetY="-16" offsetX="-8"/>
      <frame index="1" delay="75" offsetY="-16" offsetX="-4"/>
      <frame index="0" delay="75" offsetY="-16" offsetX="0"/>
      <end/>
    </animation>
    <animation direction="up">
      <frame index="12" delay="75" offsetY="-14"/>
      <frame index="13" delay="75" offsetY="-16"/>
      <frame index="14" delay="75" offsetY="-18"/>
      <frame index="15" delay="75" offsetY="-20"/>
      <frame index="14" delay="75" offsetY="-18"/>
      <frame index="13" delay="75" offsetY="-16"/>
      <frame index="12" delay="75" offsetY="-14"/>
      <end/>
    </animation>
    <animation direction="right">
      <frame index="4" delay="75" offsetY="-16" offsetX="0"/>
      <frame index="5" delay="75" offsetY="-16" offsetX="4"/>
      <frame index="6" delay="75" offsetY="-16" offsetX="8"/>
      <frame index="7" delay="75" offsetY="-16" offsetX="12"/>
      <frame index="6" delay="75" offsetY="-16" offsetX="8"/>
      <frame index="5" delay="75" offsetY="-16" offsetX="4"/>
      <frame index="4" delay="75" offsetY="-16" offsetX="0"/>
      <end/>
    </animation>
  </action>
</sprite>
