<?xml version="1.0"?>
<sprite>
  <imageset name="base" src="graphics/sprites/monsters/flower.png|W;R;Y" width="58" height="45"/>
  <action name="stand" imageset="base">
    <animation direction="down">
      <frame index="0" offsetY="3"/>
    </animation>
    <animation direction="left">
      <frame index="6" offsetY="3"/>
    </animation>
    <animation direction="up">
      <frame index="12" offsetY="3"/>
    </animation>
    <animation direction="right">
      <frame index="18" offsetY="3"/>
    </animation>
  </action>
  <action name="dead" imageset="base">
    <animation direction="down">
      <frame index="5" offsetY="3"/>
    </animation>
    <animation direction="left">
      <frame index="11" offsetY="3"/>
    </animation>
    <animation direction="up">
      <frame index="17" offsetY="3"/>
    </animation>
    <animation direction="right">
      <frame index="23" offsetY="3"/>
    </animation>
  </action>
  <action name="attack" imageset="base">
    <animation direction="down">
      <sequence start="1" end="5" delay="75" offsetY="3"/>
      <end/>
    </animation>
    <animation direction="left">
      <sequence start="7" end="10" delay="75" offsetY="3"/>
      <end/>
    </animation>
    <animation direction="up">
      <sequence start="13" end="16" delay="75" offsetY="3"/>
      <end/>
    </animation>
    <animation direction="right">
      <sequence start="19" end="22" delay="75" offsetY="3"/>
      <end/>
    </animation>
  </action>
</sprite>
