<?xml version="1.0"?>
<sprite>
  <imageset name="base" src="graphics/sprites/monsters/larvespa.png|R;G" width="45" height="45"/>
  <action name="stand" imageset="base">
    <animation direction="down">
      <frame index="27" delay="150"/>
    </animation>
    <animation direction="left">
      <frame index="0" delay="150"/>
    </animation>
    <animation direction="up">
      <frame index="9" delay="150"/>
    </animation>
    <animation direction="right">
      <frame index="18" delay="150"/>
    </animation>
  </action>
  <action name="walk" imageset="base">
    <animation direction="down">
      <sequence start="27" end="31" delay="150"/>
    </animation>
    <animation direction="left">
      <sequence start="0" end="4" delay="150"/>
    </animation>
    <animation direction="up">
      <sequence start="9" end="13" delay="150"/>
    </animation>
    <animation direction="right">
      <sequence start="18" end="22" delay="150"/>
    </animation>
  </action>
  <action name="dead" imageset="base">
    <animation direction="right">
      <frame index="26" delay="0"/>
    </animation>
    <animation direction="down">
      <frame index="35" delay="0"/>
    </animation>
    <animation direction="left">
      <frame index="8" delay="0"/>
    </animation>
    <animation direction="up">
      <frame index="17" delay="0"/>
    </animation>
  </action>
  <action name="attack" imageset="base">
    <animation direction="down">
      <sequence start="32" end="34" delay="150"/>
      <end/>
    </animation>
    <animation direction="left">
      <sequence start="5" end="7" delay="150"/>
      <end/>
    </animation>
    <animation direction="up">
      <sequence start="14" end="16" delay="150"/>
      <end/>
    </animation>
    <animation direction="right">
      <sequence start="23" end="25" delay="150"/>
      <end/>
    </animation>
  </action>
</sprite>
