<?xml version="1.0"?>
<!--
Purple particles flying around the target.
-->
<effect>
  <particle position-x="0" position-y="0" position-z="0">
    <emitter>
      <property name="position-z" value="56"/>
      <property name="vertical-angle" min="0" max="90"/>
      <property name="horizontal-angle" min="0" max="360"/>
      <property name="power" min="4" max="6"/>
      <property name="lifetime" value="1"/>
      <property name="output" value="1"/>
      <emitter>
        <property name="gravity" value="0.1"/>
        <property name="momentum" value="0.6"/>
        <property name="image" value="graphics/particles/gloworb-small.png|W:#4300A7"/>
        <property name="lifetime" value="50"/>
        <property name="fade-in" value="10"/>
        <property name="fade-out" value="40"/>
        <property name="output" min="0" max="1"/>
        <property name="randomnes" value="200"/>
      </emitter>
      <emitter>
        <property name="gravity" value="0.1"/>
        <property name="momentum" value="0.6"/>
        <property name="image" value="graphics/particles/orb-small.png|W:#4300A7"/>
        <property name="lifetime" value="75"/>
        <property name="fade-in" value="10"/>
        <property name="fade-out" value="90"/>
        <property name="output" min="0" max="1"/>
        <property name="randomnes" value="200"/>
      </emitter>
    </emitter>
  </particle>
</effect>
