<?xml version="1.0"?>
<sprite name="player" action="stand">
  <imageset name="witchguardgladius" src="graphics/sprites/weapon-witchguard-gladius.png" width="64" height="64"/>
  <action name="default" imageset="witchguardgladius"/>
  <action name="attack" imageset="witchguardgladius">
    <animation direction="down">
      <sequence start="0" end="3" delay="75"/>
      <end/>
    </animation>
    <animation direction="left">
      <sequence start="4" end="7" delay="75"/>
      <end/>
    </animation>
    <animation direction="up">
      <sequence start="8" end="11" delay="75"/>
      <end/>
    </animation>
    <animation direction="right">
      <sequence start="12" end="15" delay="75"/>
      <end/>
    </animation>
  </action>
</sprite>
