<?xml version="1.0"?>
<!-- Copyright 2011 The Mana World Development Team
  See here for documentation: http://doc.manasource.org/monsters.xml
-->
<monsters>
  <monster id="0" name="Maggot" targetCursor="small">
    <sprite>monsters/maggot.xml</sprite>
    <sound event="hit">monsters/maggot/maggot-hit1.ogg</sound>
    <sound event="hit">monsters/maggot/maggot-hit2.ogg</sound>
    <sound event="miss">monsters/maggot/maggot-miss1.ogg</sound>
    <sound event="die">monsters/maggot/maggot-dying1.ogg</sound>
  </monster>
  <monster id="1" name="Scorpion">
    <sprite>monsters/scorpion.xml|#4d422d,826242,d8c282,ffffff</sprite>
    <sound event="hit">monsters/scorpion/scorpion-hit1.ogg</sound>
    <sound event="hit">monsters/scorpion/scorpion-hit2.ogg</sound>
    <sound event="hit">monsters/scorpion/scorpion-hit3.ogg</sound>
    <sound event="hit">monsters/scorpion/scorpion-hit4.ogg</sound>
    <sound event="miss">monsters/scorpion/scorpion-miss1.ogg</sound>
  </monster>
  <monster id="2" name="Red Scorpion">
    <sprite>monsters/scorpion.xml|#791d0a,cd5d27,f28d54,ffffff</sprite>
    <sound event="hit">monsters/scorpion/scorpion-hit1.ogg</sound>
    <sound event="hit">monsters/scorpion/scorpion-hit2.ogg</sound>
    <sound event="hit">monsters/scorpion/scorpion-hit3.ogg</sound>
    <sound event="hit">monsters/scorpion/scorpion-hit4.ogg</sound>
    <sound event="miss">monsters/scorpion/scorpion-miss1.ogg</sound>
  </monster>
  <monster id="3" name="Green Slime">
    <sprite>monsters/slime.xml|#72982c,ffffff</sprite>
    <sound event="hit">monsters/slime/slime-hit1.ogg</sound>
  </monster>
  <monster id="4" name="Giant Maggot" targetCursor="large">
    <sprite>monsters/maggot-giant.xml</sprite>
    <sound event="hit">monsters/maggot/maggot-hit1.ogg</sound>
    <sound event="hit">monsters/maggot/maggot-hit2.ogg</sound>
    <sound event="miss">monsters/maggot/maggot-miss1.ogg</sound>
    <sound event="die">monsters/maggot/maggot-dying1.ogg</sound>
  </monster>
  <monster id="5" name="Yellow Slime">
    <sprite>monsters/slime.xml|#b47f00,ffffff</sprite>
    <sound event="hit">monsters/slime/slime-hit1.ogg</sound>
  </monster>
  <monster id="6" name="Red Slime">
    <sprite>monsters/slime.xml|#7e0000,ffffff</sprite>
    <sound event="hit">monsters/slime/slime-hit1.ogg</sound>
  </monster>
  <monster id="7" name="Black Scorpion">
    <sprite>monsters/scorpion.xml|#0d1313,435a5a,879999,ffffff</sprite>
    <sound event="hit">monsters/scorpion/scorpion-hit1.ogg</sound>
    <sound event="hit">monsters/scorpion/scorpion-hit2.ogg</sound>
    <sound event="hit">monsters/scorpion/scorpion-hit3.ogg</sound>
    <sound event="hit">monsters/scorpion/scorpion-hit4.ogg</sound>
    <sound event="miss">monsters/scorpion/scorpion-miss1.ogg</sound>
  </monster>
  <monster id="8" name="Snake">
    <sprite>monsters/snake.xml|#664d28,a6673a,dbbc86,ffffff</sprite>
  </monster>
  <monster id="9" name="Fire Goblin">
    <sprite>monsters/goblin-fire.xml</sprite>
    <sound event="hit">monsters/fire-goblin/fire-goblin-hit1.ogg</sound>
    <sound event="hit">monsters/fire-goblin/fire-goblin-hit2.ogg</sound>
    <sound event="miss">monsters/fire-goblin/fire-goblin-miss1.ogg</sound>
    <!-- The particle-effect parameter is kept for 0.5.x compatibility -->
    <attack id="1" effect-id="400" particle-effect="graphics/particles/monster-goblin-firebreath.particle.xml"/>
  </monster>
  <monster id="10" name="Spider">
    <sprite>monsters/spider.xml|#1a160f,4A7A93,AAC5D2,ffffff;#FF6666</sprite>
    <sound event="hit">monsters/scorpion/scorpion-hit1.ogg</sound>
    <sound event="hit">monsters/scorpion/scorpion-hit2.ogg</sound>
    <sound event="hit">monsters/scorpion/scorpion-hit3.ogg</sound>
    <sound event="hit">monsters/scorpion/scorpion-hit4.ogg</sound>
    <sound event="miss">monsters/scorpion/scorpion-miss1.ogg</sound>
  </monster>
  <monster id="11" name="Evil Mushroom">
    <sprite>monsters/mushroom-red.xml</sprite>
    <sound event="hit">monsters/shroom/shroom-hit1.ogg</sound>
  </monster>
  <monster id="12" name="Pink Flower">
    <sprite>monsters/flower.xml|#ee748d,ffd8ce;#f6ffbd;#23285f</sprite>
    <sound event="hit">monsters/flower/flower-hit1.ogg</sound>
    <sound event="hit">monsters/flower/flower-hit2.ogg</sound>
    <sound event="miss">monsters/flower/flower-miss1.ogg</sound>
  </monster>
  <monster id="13" name="Santa Slime">
    <sprite>monsters/slime.xml|#545166,66A9CD,C2F7FA</sprite>
    <sprite>monsters/accessories/slime-santa.xml</sprite>
  </monster>
  <monster id="14" name="Rudolph Slime">
    <sprite>monsters/slime.xml|#9092B9,9DB4D4,F8F9FA</sprite>
    <sprite>monsters/accessories/slime-rudolph.xml</sprite>
  </monster>
  <monster id="15" name="Bat">
    <sprite>monsters/bat.xml</sprite>
    <sound event="die">monsters/bat/bat-dying1.ogg</sound>
    <sound event="hit">monsters/bat/bat-hit1.ogg</sound>
  </monster>
  <monster id="16" name="Pinkie" targetCursor="small">
    <sprite>monsters/pinkie.xml</sprite>
    <sound event="hit">monsters/pinkie/pinkie-hit1.ogg</sound>
    <sound event="miss">monsters/pinkie/pinkie-miss1.ogg</sound>
  </monster>
  <monster id="17" name="Spiky Mushroom">
    <sprite>monsters/mushroom-spiky.xml</sprite>
    <sound event="hit">monsters/shroom/shroom-hit1.ogg</sound>
  </monster>
  <monster id="18" name="Fluffy">
    <sprite>monsters/fluffy.xml</sprite>
    <sound event="hit">monsters/fluffy/fluffy-hit1.ogg</sound>
    <sound event="hit">monsters/fluffy/fluffy-hit2.ogg</sound>
    <sound event="hit">monsters/fluffy/fluffy-hit3.ogg</sound>
    <sound event="miss">monsters/fluffy/fluffy-miss1.ogg</sound>
    <sound event="hurt">monsters/fluffy/fluffy-hurt1.ogg</sound>
  </monster>
  <monster id="19" name="Cave Snake">
    <sprite>monsters/snake-cave.xml</sprite>
    <sound event="hit">monsters/cavesnake/cavesnake-hit1.ogg</sound>
  </monster>
  <monster id="20" name="Jack O">
    <sprite>monsters/ghost-pumpkin.xml</sprite>
  </monster>
  <monster id="21" name="Fire Skull">
    <sprite>monsters/skull-fire.xml</sprite>
  </monster>
  <monster id="22" name="Poison Skull">
    <sprite>monsters/skull-poison.xml</sprite>
  </monster>
  <monster id="23" name="Log Head">
    <sprite>monsters/logmonster.xml</sprite>
    <sound event="hit">monsters/loghead/loghead-hit1.ogg</sound>
    <sound event="hurt">monsters/loghead/loghead-hurt1.ogg</sound>
    <sound event="hurt">monsters/loghead/loghead-hurt2.ogg</sound>
    <sound event="hurt">monsters/loghead/loghead-hurt3.ogg</sound>
    <sound event="hurt">monsters/loghead/loghead-hurt4.ogg</sound>
    <sound event="hurt">monsters/loghead/loghead-hurt5.ogg</sound>
    <sound event="die">monsters/loghead/loghead-die1.ogg</sound>
  </monster>
  <monster id="24" name="Mountain Snake">
    <sprite>monsters/snake.xml|#585b39,a67c5d,dbc9a9,ffffff</sprite>
  </monster>
  <monster id="25" name="Easter Fluffy">
    <sprite>monsters/fluffy.xml</sprite>
    <sound event="hit">monsters/fluffy/fluffy-hit1.ogg</sound>
    <sound event="hit">monsters/fluffy/fluffy-hit2.ogg</sound>
    <sound event="hit">monsters/fluffy/fluffy-hit3.ogg</sound>
    <sound event="miss">monsters/fluffy/fluffy-miss1.ogg</sound>
    <sound event="hurt">monsters/fluffy/fluffy-hurt1.ogg</sound>
  </monster>
  <monster id="26" name="Mouboo">
    <sprite>monsters/mouboo.xml</sprite>
  </monster>
  <monster id="27" name="Mauve Plant">
    <sprite>monsters/plant.xml|#e0b0ff</sprite>
  </monster>
  <monster id="28" name="Cobalt Plant">
    <sprite>monsters/plant.xml|#0047ab</sprite>
  </monster>
  <monster id="29" name="Gamboge Plant">
    <sprite>monsters/plant.xml|#ef9b0f</sprite>
  </monster>
  <monster id="30" name="Alizarin Plant">
    <sprite>monsters/plant.xml|#e32636</sprite>
  </monster>
  <monster id="31" name="Sea Slime">
    <sprite>monsters/slime.xml|#4ca1a0,ffffff</sprite>
    <sprite>monsters/accessories/slime-seajelly.xml|#4Ca16e,ffffff</sprite>
    <sound event="hit">monsters/slime/slime-hit1.ogg</sound>
  </monster>
  <monster id="32" name="Grass Snake">
    <sprite>monsters/snake.xml|#205839,60a65d,80dba9,ffffff</sprite>
  </monster>
  <monster id="33" name="Silkworm">
    <sprite>monsters/silkworm.xml|#807d20,e0dac0;#c0a830</sprite>
  </monster>
  <monster id="34" name="Zombie">
    <sprite>monsters/zombie.xml</sprite>
    <sound event="move">monsters/zombie/zombie-move1.ogg</sound>
    <sound event="move">monsters/zombie/zombie-move2.ogg</sound>
    <sound event="hit">monsters/zombie/zombie-hit1.ogg</sound>
    <sound event="hit">monsters/zombie/zombie-hit2.ogg</sound>
    <sound event="miss">monsters/zombie/zombie-miss1.ogg</sound>
    <sound event="die">monsters/zombie/zombie-dying1.ogg</sound>
  </monster>
  <monster id="35" name="Clover Patch">
    <sprite>monsters/clover.xml</sprite>
  </monster>
  <monster id="36" name="Squirrel">
    <sprite>monsters/squirrel.xml</sprite>
    <sound event="hurt">monsters/squirrel/squirrel-hurt1.ogg</sound>
    <sound event="hurt">monsters/squirrel/squirrel-hurt2.ogg</sound>
    <sound event="die">monsters/squirrel/squirrel-die1.ogg</sound>
    <sound event="die">monsters/squirrel/squirrel-die2.ogg</sound>
  </monster>
  <monster id="37" name="Fire Lizard">
    <sprite>monsters/lizard.xml|#673132,923F42,CD5961,E163A4,ffffff</sprite>
    <sound event="hit">monsters/fire-goblin/fire-goblin-hit1.ogg</sound>
    <sound event="hit">monsters/fire-goblin/fire-goblin-hit2.ogg</sound>
    <sound event="miss">monsters/fire-goblin/fire-goblin-miss1.ogg</sound>
    <!-- The particle-effect parameter is kept for 0.5.x compatibility -->
    <attack id="1" effect-id="401" particle-effect="graphics/particles/monster-lizard-firebreath.particle.xml"/>
  </monster>
  <monster id="38" name="Wisp">
    <sprite>monsters/wisp.xml|#aadd44,ffff66</sprite>
    <particlefx>graphics/particles/wisp.particle.xml</particlefx>
  </monster>
  <monster id="39" name="Snail">
    <sprite>monsters/snail.xml</sprite>
    <particlefx>graphics/particles/monster-snail-trail.particle.xml</particlefx>
    <sound event="hit">monsters/slime/slime-hit1.ogg</sound>
  </monster>
  <monster id="40" name="Spectre">
    <sprite>monsters/wisp.xml|#ff77dd,dd77ff</sprite>
    <particlefx>graphics/particles/spectre.particle.xml</particlefx>
  </monster>
  <monster id="41" name="Skeleton">
    <sprite>monsters/skeleton.xml|#ffe8bf</sprite>
  </monster>
  <monster id="42" name="Lady Skeleton">
    <sprite>monsters/skeleton.xml|#ffe8bf</sprite>
    <sprite>hairstyles/hairstyle08.xml</sprite>
  </monster>
  <monster id="43" name="Fallen">
    <sprite>monsters/skeleton.xml|#ffe8bf</sprite>
    <sprite>equipment/legs/chaps-male.xml</sprite>
    <sprite>equipment/chest/warlordplate-male.xml</sprite>
    <sprite>equipment/head/warlordhelm.xml</sprite>
  </monster>
  <!-- Snake lord 44 -->
  <monster id="45" name="Poltergeist">
    <sprite>monsters/wisp.xml|#77ffdd,77ddff</sprite>
    <particlefx>graphics/particles/polter.particle.xml</particlefx>
  </monster>
  <monster id="46" name="Duck" targetCursor="small">
    <sprite>monsters/duck.xml</sprite>
  </monster>
  <monster id="47" name="Bee" targetCursor="small">
    <sprite>monsters/bee.xml</sprite>
    <sprite>monsters/accessories/generic-shadow-small-circle.xml</sprite>
  </monster>
  <!--48 Vespa-->
  <!--49 Larvespa-->
  <!--50 Hivespa-->
  <!--51 Froad-->
  <!--52 Troll-->
  <monster id="53" name="Butterfly" targetCursor="small">
    <sprite>monsters/butterfly.xml|#660000,FF3300,FFCC99,FFCCCC</sprite>
    <sprite>monsters/accessories/generic-shadow-small-circle.xml</sprite>
  </monster>
  <monster id="54" name="Cave Maggot" targetCursor="small">
    <sprite>monsters/cave-maggot.xml|</sprite>
    <sound event="hit">monsters/maggot/maggot-hit1.ogg</sound>
    <sound event="hit">monsters/maggot/maggot-hit2.ogg</sound>
    <sound event="miss">monsters/maggot/maggot-miss1.ogg</sound>
    <sound event="die">monsters/maggot/maggot-dying1.ogg</sound>
  </monster>
  <monster id="55" name="Angry Scorpion">
    <sprite>monsters/scorpion.xml|#800000,ffffff</sprite>
    <sound event="hit">monsters/scorpion/scorpion-hit1.ogg</sound>
    <sound event="hit">monsters/scorpion/scorpion-hit2.ogg</sound>
    <sound event="hit">monsters/scorpion/scorpion-hit3.ogg</sound>
    <sound event="hit">monsters/scorpion/scorpion-hit4.ogg</sound>
    <sound event="miss">monsters/scorpion/scorpion-miss1.ogg</sound>
  </monster>
  <monster id="56" name="Ice Goblin">
    <sprite>monsters/goblin-ice.xml</sprite>
    <sound event="hit">monsters/fire-goblin/fire-goblin-hit1.ogg</sound>
    <sound event="hit">monsters/fire-goblin/fire-goblin-hit2.ogg</sound>
    <sound event="miss">monsters/fire-goblin/fire-goblin-miss1.ogg</sound>
  </monster>
  <monster id="57" name="Giant Cave Maggot" targetCursor="large">
    <sprite>monsters/cave-maggot-giant.xml|#565051,ffffff</sprite>
    <sound event="hit">monsters/maggot/maggot-hit1.ogg</sound>
    <sound event="hit">monsters/maggot/maggot-hit2.ogg</sound>
    <sound event="miss">monsters/maggot/maggot-miss1.ogg</sound>
    <sound event="die">monsters/maggot/maggot-dying1.ogg</sound>
  </monster>
  <monster id="58" name="Archant">
    <sprite>monsters/archant.xml</sprite>
    <sound event="hit">monsters/scorpion/scorpion-hit1.ogg</sound>
    <sound event="hit">monsters/scorpion/scorpion-hit2.ogg</sound>
    <sound event="hit">monsters/scorpion/scorpion-hit3.ogg</sound>
    <sound event="hit">monsters/scorpion/scorpion-hit4.ogg</sound>
    <sound event="miss">monsters/scorpion/scorpion-miss1.ogg</sound>
  </monster>
  <monster id="59" name="Moggun">
    <sprite>monsters/moggun.xml</sprite>
  </monster>
  <monster id="60" name="Terranite">
    <sprite>monsters/terranite.xml</sprite>
  </monster>
  <monster id="61" name="Pumpkin">
    <sprite>monsters/pumpkin.xml</sprite>
  </monster>
  <monster id="62" name="Bandit">
    <sprite>monsters/bandit.xml</sprite>
    <sprite>monsters/accessories/weapon-dagger.xml</sprite>
  </monster>
  <monster id="63" name="Bandit Lord">
    <sprite>monsters/bandit-lord.xml</sprite>
    <sprite>monsters/accessories/weapon-bow.xml</sprite>
    <attack id="1" missile-particle="graphics/particles/arrow.particle.xml" action="attack"/>
  </monster>
  <monster id="64" name="Vampire Bat">
    <sprite>monsters/vampire-bat.xml</sprite>
    <sound event="die">monsters/bat/bat-dying1.ogg</sound>
    <sound event="hit">monsters/bat/bat-hit1.ogg</sound>
  </monster>
  <monster id="65" name="Reaper">
    <sprite>monsters/reaper.xml</sprite>
    <sprite>monsters/accessories/reaper-shadow.xml</sprite>
    <particlefx>graphics/particles/monster-reaper.particle.xml</particlefx>
    <sound event="hurt">monsters/reaper/reaper-hurt.ogg</sound>
  </monster>
  <monster id="66" name="Reaper">
    <!-- slave version -->
    <sprite>monsters/reaper.xml</sprite>
    <sprite>monsters/accessories/reaper-shadow.xml</sprite>
    <particlefx>graphics/particles/monster-reaper.particle.xml</particlefx>
    <sound event="hurt">monsters/reaper/reaper-hurt.ogg</sound>
  </monster>
  <monster id="67" name="Scythe" targetCursor="large">
    <sprite>monsters/spinning-scythe.xml</sprite>
    <sprite>monsters/accessories/scythe-shadow.xml</sprite>
  </monster>
  <monster id="68" name="Ball Lightning" targetCursor="small">
    <sprite>monsters/ball-lightning.xml</sprite>
    <sprite>monsters/accessories/ball-lightning-shadow.xml</sprite>
    <particlefx>graphics/particles/monster-ball-lightning.particle.xml</particlefx>
  </monster>
  <monster id="69" name="Ice Element">
    <sprite>monsters/element-ball.xml|#5e929d,a2d8e3,ffffff</sprite>
  </monster>
  <monster id="70" name="Yeti">
    <sprite>monsters/yeti.xml</sprite>
  </monster>
  <monster id="71" name="The Lost">
    <sprite>monsters/skeleton.xml|#aca379</sprite>
    <sprite>equipment/chest/robe-male.xml|#333333</sprite>
  </monster>
  <!-- 72 RedBone -->
  <!-- 73 Stalker -->
  <!-- 74 DreadWing -->
  <monster id="75" name="Drunken Skeleton">
    <sprite>monsters/skeleton.xml|#ffe8bf</sprite>
    <sprite>equipment/legs/chaps-male.xml</sprite>
    <sprite>equipment/chest/vnecksweater-male.xml|#580000,A40000,C02020,ff6060</sprite>
    <sprite>equipment/head/tophat.xml</sprite>
  </monster>
  <monster id="76" name="Tipsy Skeleton">
    <sprite>monsters/skeleton.xml|#ffe8bf</sprite>
    <sprite>equipment/legs/chaps-male.xml</sprite>
    <sprite>equipment/chest/vnecksweater-male.xml|#0d1430,21337c,4363e5</sprite>
    <sprite>equipment/head/bowler-hat.xml</sprite>
  </monster>
  <monster id="77" name="Drunken Lady Skeleton">
    <sprite>monsters/skeleton.xml|#ffe8bf</sprite>
    <sprite>hairstyles/hairstyle08.xml</sprite>
    <sprite>equipment/legs/skirt.xml|#3f221d,754d23,f5cea4</sprite>
    <sprite>equipment/chest/shorttanktop-female.xml|#3f221d,754d23,f5cea4</sprite>
    <sprite>equipment/head/heart-glasses.xml</sprite>
  </monster>
  <monster id="78" name="Blue Spark">
    <sprite>monsters/ball-lightning.xml</sprite>
    <sprite>monsters/accessories/ball-lightning-shadow.xml</sprite>
    <particlefx>graphics/particles/monster-ball-lightning-blue.particle.xml</particlefx>
  </monster>
  <monster id="79" name="Red Spark">
    <sprite>monsters/ball-lightning.xml</sprite>
    <sprite>monsters/accessories/ball-lightning-shadow.xml</sprite>
    <particlefx>graphics/particles/monster-ball-lightning-red.particle.xml</particlefx>
  </monster>
  <monster id="80" name="Serqet">
    <sprite>monsters/serqet.xml</sprite>
  </monster>
  <monster id="81" name="Huntsman Spider">
    <sprite>monsters/spider.xml|#1a160f,93774a,d2c3aa,ffffff;#a00000</sprite>
    <sound event="hit">monsters/scorpion/scorpion-hit1.ogg</sound>
    <sound event="hit">monsters/scorpion/scorpion-hit2.ogg</sound>
    <sound event="hit">monsters/scorpion/scorpion-hit3.ogg</sound>
    <sound event="hit">monsters/scorpion/scorpion-hit4.ogg</sound>
    <sound event="miss">monsters/scorpion/scorpion-miss1.ogg</sound>
  </monster>
  <monster id="82" name="Crotcher Scorpion">
    <sprite>monsters/scorpion.xml|#211b0e,5c3e20,a68d42,ffffff</sprite>
    <sound event="hit">monsters/scorpion/scorpion-hit1.ogg</sound>
    <sound event="hit">monsters/scorpion/scorpion-hit2.ogg</sound>
    <sound event="hit">monsters/scorpion/scorpion-hit3.ogg</sound>
    <sound event="hit">monsters/scorpion/scorpion-hit4.ogg</sound>
    <sound event="miss">monsters/scorpion/scorpion-miss1.ogg</sound>
  </monster>
  <monster id="83" name="Ice Skull">
    <sprite>monsters/skull-ice.xml</sprite>
  </monster>
  <monster id="84" name="Fey Element">
    <sprite>monsters/element-ball.xml|#6d4e2f,98612c,c38a53,ffffff</sprite>
    <particlefx>graphics/particles/monster-leaf.particle.xml</particlefx>
  </monster>
  <monster id="85" name="Larvern" targetCursor="small">
    <sprite>monsters/larvespa.xml|#211b0e,5c3e20,a68d42;#667C26</sprite>
  </monster>
  <monster id="86" name="Hyvern">
    <sprite>monsters/vespa.xml|#1a160f,93774a;#DEBFBF,BBA2A2</sprite>
  </monster>
  <monster id="87" name="Hungry Fluffy">
    <sprite>monsters/fluffy.xml</sprite>
    <sound event="hit">monsters/fluffy/fluffy-hit1.ogg</sound>
    <sound event="hit">monsters/fluffy/fluffy-hit2.ogg</sound>
    <sound event="hit">monsters/fluffy/fluffy-hit3.ogg</sound>
    <sound event="miss">monsters/fluffy/fluffy-miss1.ogg</sound>
    <sound event="hurt">monsters/fluffy/fluffy-hurt1.ogg</sound>
  </monster>
  <monster id="88" name="Wolvern">
    <sprite>monsters/wolvern.xml|#000000,64727a,8996a0,a6afbf,dce9f3,ffffff</sprite>
    <sound event="hit">monsters/wolvern/wolvern-hit1.ogg</sound>
    <sound event="hit">monsters/wolvern/wolvern-hit2.ogg</sound>
    <sound event="miss">monsters/wolvern/wolvern-miss1.ogg</sound>
    <sound event="miss">monsters/wolvern/wolvern-miss2.ogg</sound>
    <sound event="miss">monsters/wolvern/wolvern-miss3.ogg</sound>
    <!-- The hurt sound doesn't go well when alternated with the hit sounds. -->
    <!-- <sound event="hurt">monsters/wolvern/wolvern-hurt1.ogg</sound> -->
    <sound event="die">monsters/wolvern/wolvern-dying1.ogg</sound>
  </monster>
  <monster id="89" name="Blue Slime">
    <sprite>monsters/slime.xml|#2121ae,ffffff</sprite>
    <sprite>monsters/accessories/slime-littleslime.xml|#2121ae,ffffff</sprite>
    <sound event="hit">monsters/slime/slime-hit1.ogg</sound>
  </monster>
  <monster id="90" name="Slime Blast">
    <sprite>monsters/accessories/slime-slimeblast.xml|#2121ae,ffffff</sprite>
    <sound event="die">monsters/slime/slime-hit1.ogg</sound>
  </monster>
  <monster id="91" name="White Slime">
    <sprite>monsters/accessories/slime-slimeblast.xml|#dcdcff,ffffff</sprite>
    <sound event="die">monsters/slime/slime-hit1.ogg</sound>
  </monster>
  <monster id="92" name="Reinboo">
    <sprite>monsters/mouboo.xml</sprite>
    <sprite>monsters/accessories/mouboo-antlers.xml</sprite>
  </monster>
  <monster id="93" name="White Bell">
    <sprite>monsters/snowflower.xml</sprite>
  </monster>
  <monster id="94" name="Soul Snake">
    <sprite>monsters/snake.xml|#664d28,a6673a,86D6DB,ffffff</sprite>
    <particlefx>graphics/particles/monster-soulsnake.particle.xml</particlefx>
  </monster>
  <monster id="95" name="Soul Eater">
    <sprite>monsters/skeleton.xml|#D9BFFF</sprite>
    <sprite>equipment/chest/tanktop-male.xml|#333333,555555,444444</sprite>
    <sprite>equipment/legs/shorts-male.xml|#333333,555555,444444</sprite>
    <sprite>hairstyles/hairstyle05.xml|#333333</sprite>
    <particlefx>graphics/particles/monster-souleater.particle.xml</particlefx>
  </monster>
  <monster id="96" name="Copper Slime">
    <sprite>monsters/slime.xml|#a1734c,ffffff</sprite>
    <sprite>monsters/accessories/slime-seajelly.xml|#a1744c,ffffff</sprite>
    <sound event="hit">monsters/slime/slime-hit1.ogg</sound>
  </monster>
  <monster id="97" name="Sleeping Bandit">
    <sprite>monsters/sleeping-bandit.xml</sprite>
    <sprite>monsters/accessories/weapon-dagger.xml</sprite>
  </monster>
  <monster id="98" name="Azul Slime">
    <sprite>monsters/slime-littleslime.xml|#3080e4,d2f4ff</sprite>
    <sound event="die">monsters/slime/slime-hit1.ogg</sound>
  </monster>
  <monster id="99" name="Demonic Spirit">
    <sprite>monsters/spirit-demonic.xml|#444444,9933ff</sprite>
  </monster>
  <monster id="100" name="Luvia">
    <sprite>player_female_base.xml</sprite>
    <sprite>equipment/feet/assassin-boots-female.xml</sprite>
    <sprite>equipment/legs/shorts-female.xml|#121212,343434</sprite>
    <sprite>equipment/chest/sorcerer-robe-female.xml|#121212,343434;#8F47D6</sprite>
    <sprite>hairstyles/hairstyle11.xml|#8c6625,dab425,ffffff</sprite>
    <sprite>equipment/head/wizard-hat.xml|#070707,121212,663399</sprite>
    <particlefx>graphics/particles/monster-luvia.particle.xml</particlefx>
    <attack id="1" critical-hit-effect-id="42" missile-particle="graphics/particles/luvia-attack.particle.xml" action="attack"/>
  </monster>
  <monster id="101" name="Witch Guard">
    <sprite>monsters/demon.xml|#444444,979797</sprite>
    <sprite>equipment/feet/warlordboots-male.xml|#333333,878787</sprite>
    <sprite>equipment/hands/generic-male.xml|#242424,626262</sprite>
    <sprite>equipment/chest/demonwarlordplate-male.xml|#444444,979797</sprite>
    <sprite>equipment/head/bull.xml</sprite>
    <particlefx>graphics/particles/monster-witchguard.particle.xml</particlefx>
    <sprite>weapon-witchguard-gladius.xml</sprite>
  </monster>
  <monster id="106" name="Angry Fire Goblin">
    <sprite>monsters/goblin-fire.xml</sprite>
    <sound event="hit">monsters/fire-goblin/fire-goblin-hit1.ogg</sound>
    <sound event="hit">monsters/fire-goblin/fire-goblin-hit2.ogg</sound>
    <sound event="miss">monsters/fire-goblin/fire-goblin-miss1.ogg</sound>
    <particlefx>graphics/particles/monster-angry-fire-goblin.particle.xml</particlefx>
    <!-- The particle-effect parameter is kept for 0.5.x compatibility -->
    <attack id="1" effect-id="400" particle-effect="graphics/particles/monster-goblin-firebreath.particle.xml"/>
  </monster>
  <monster id="107" name="Angry Sea Slime">
    <sprite>monsters/slime.xml|#4ca1a0,ffffff</sprite>
    <sprite>monsters/accessories/slime-seajelly.xml|#4Ca16e,ffffff</sprite>
    <particlefx>graphics/particles/monster-angry-sea-slime.particle.xml</particlefx>
    <sound event="hit">monsters/slime/slime-hit1.ogg</sound>
  </monster>
  <monster id="108" name="Angry Green Slime">
    <sprite>monsters/slime.xml|#72982c,ffffff</sprite>
    <particlefx>graphics/particles/monster-angry-green-slime.particle.xml</particlefx>
    <sound event="hit">monsters/slime/slime-hit1.ogg</sound>
  </monster>
</monsters>
